Domain,Status,Attractiveness,Demand,Length,Sectors,Created,Expires,Registrar
one.monster,available,132,43%,3,"Business,General,Media,Technology",,,
second.monster,available,120,23%,6,"General,Mathematics",,,
tenth.monster,available,116,7%,5,Mathematics,,,
equal.monster,available,116,19%,5,"Education,General,Law",,,
flat.monster,resell,116,23%,4,"Construction,Real Estate",18/10/2024 01:03,18/10/2025 23:59,"Spaceship, Inc."
tonic.monster,available,114,22%,5,"Health and Fitness,Medicine,Science",,,
acute.monster,available,112,9%,5,"Mathematics,Medicine,Science",,,
hotshot.monster,available,112,14%,7,"Business,Entertainment,Sports",,,
above.monster,available,112,22%,5,Business,,,
abiding.monster,available,106,5%,7,"General,Religion",,,
teen.monster,available,104,14%,4,"Education,Entertainment,Healthcare",,,
expert.monster,available,104,26%,6,"Business,Education,Technology",,,
captive.monster,available,102,14%,7,"Entertainment,Hospitality,Technology",,,
absent.monster,expiring,102,8%,6,"Business,Education,Technology",23/08/2024 08:04,23/08/2025 23:59,Namecheap
whiz.monster,available,100,12%,4,"Business,Education,Technology",,,
third.monster,available,100,15%,5,Mathematics,,,
remove.monster,resell,100,13%,6,"Construction,Manufacturing,Technology",11/07/2024 18:47,11/07/2026 23:59,Namecheap
ninth.monster,available,100,9%,5,Mathematics,,,
abrupt.monster,available,100,3%,6,"Medicine,Science",,,
sixth.monster,available,100,8%,5,Mathematics,,,
adjunct.monster,available,100,5%,7,Education,,,
eighth.monster,available,100,6%,6,Mathematics,,,
whizz.monster,available,98,11%,5,"Business,Education,Technology",,,
academic.monster,resell,96,20%,8,"Education,Humanities,Science",18/10/2024 01:47,18/10/2025 23:59,"Spaceship, Inc."
forgiving.monster,available,96,3%,9,"Healthcare,Religion",,,
actual.monster,available,96,22%,6,"Real Estate,Retail,Technology",,,
alamode.monster,available,96,12%,9,Fashion,,,
doable.monster,available,96,9%,6,"Business,Education,Technology",,,
around.monster,available,94,22%,6,"Business,General,Media,Technology",,,
virtuoso.monster,available,94,16%,8,"Arts,Entertainment",,,
about.monster,available,94,28%,5,"Business,General,Media,Technology",,,
next.monster,available,92,43%,4,"Retail,Technology,Transportation",,,
exemplary.monster,available,92,5%,9,"Business,Education,Healthcare",,,
abroad.monster,available,92,12%,6,"Hospitality,Travel",,,
derelict.monster,available,92,7%,8,"Construction,Real Estate",,,
adjective.monster,available,92,5%,9,Education,,,
nought.monster,available,92,4%,6,Mathematics,,,
twentieth.monster,available,92,3%,9,Mathematics,,,
endearing.monster,available,90,1%,9,"Entertainment,Fashion,Retail",,,
gripping.monster,available,90,3%,8,"Entertainment,Media,Technology",,,
addictive.monster,available,90,9%,9,Healthcare,,,
adoring.monster,available,90,2%,7,"Entertainment,Fashion,Retail",,,
riveting.monster,available,90,6%,8,"Entertainment,Media,Technology",,,
additional.monster,available,90,8%,10,"Fashion,Retail,Technology",,,
abortive.monster,available,90,1%,8,"Medicine,Science",,,
leash.monster,available,90,7%,5,"General,Health and Fitness,Retail",,,
clear.monster,available,90,47%,5,"Manufacturing,Retail,Technology",,,
proficient.monster,available,88,8%,10,"Education,Health and Fitness,Sports",,,
ace.monster,available,88,34%,3,Sports,,,
activist.monster,available,88,12%,8,"Humanities,Politics",,,
adlib.monster,available,88,7%,6,Entertainment,,,
hundred.monster,available,88,13%,7,Mathematics,,,
ten.monster,available,88,27%,3,"General,Mathematics",,,
fifteen.monster,available,88,13%,7,Mathematics,,,
sixteen.monster,available,88,10%,7,Mathematics,,,
actionable.monster,available,88,13%,10,"Business,Law",,,
engrossing.monster,available,86,0%,10,"Entertainment,Media,Technology",,,
attendant.monster,available,86,5%,9,"Healthcare,Hospitality,Transportation",,,
recondite.monster,available,86,4%,9,"Arts,Humanities,Science",,,
aboriginal.monster,available,86,10%,10,Humanities,,,
xix.monster,available,86,10%,3,Mathematics,,,
cipher.monster,available,86,29%,6,Mathematics,,,
extempore.monster,available,86,3%,9,Entertainment,,,
adolescent.monster,available,86,3%,10,"Education,Entertainment,Healthcare",,,
xiv.monster,available,86,12%,3,Mathematics,,,
star.monster,available,86,40%,4,"Entertainment,Media,Sports",,,
sharp.monster,expired,84,34%,5,"Arts,Fashion",06/06/2024 14:52,06/06/2025 23:59,"Spaceship, Inc."
twentyone.monster,available,84,13%,10,Mathematics,,,
adjustable.monster,available,84,3%,10,"Manufacturing,Retail,Technology",,,
accessory.monster,available,84,8%,9,"Fashion,Retail,Technology",,,
thirteen.monster,available,84,10%,8,Mathematics,,,
twentytwo.monster,available,84,10%,10,Mathematics,,,
fourteen.monster,available,84,8%,8,Mathematics,,,
deviate.monster,available,84,12%,7,"Medicine,Science",,,
nineteen.monster,available,84,8%,8,Mathematics,,,
thousand.monster,available,84,8%,8,Mathematics,,,
absorbent.monster,available,82,3%,9,"Healthcare,Manufacturing,Retail",,,
fivesome.monster,available,82,1%,8,Sports,,,
abdominal.monster,available,82,1%,9,"Health and Fitness,Medicine",,,
abkhaz.monster,available,82,1%,6,Geography,,,
decade.monster,available,82,10%,6,Mathematics,,,
abenaki.monster,available,82,2%,7,Geography,,,
altered.monster,resell,82,9%,7,"Medicine,Science",20/06/2025 03:02,20/06/2026 23:59,"Porkbun, LLC"
abroach.monster,available,82,1%,7,Food and Beverage,,,
enduring.monster,available,82,9%,8,"Health and Fitness,Religion",,,
cleansing.monster,available,82,3%,9,Health and Fitness,,,
impromptu.monster,available,82,16%,9,Entertainment,,,
dozen.monster,available,82,10%,5,Mathematics,,,
adoptable.monster,available,80,3%,9,"Education,Healthcare",,,
absorbable.monster,available,80,0%,10,"Healthcare,Pharmaceuticals,Science",,,
forty.monster,available,80,9%,5,Mathematics,,,
two.monster,available,80,23%,3,Mathematics,,,
seventh.monster,available,80,10%,7,Mathematics,,,
first.monster,available,80,34%,5,"General,Mathematics",,,
abundant.monster,available,80,19%,8,"Agriculture,Manufacturing,Retail",,,
absurd.monster,available,80,16%,6,"Arts,Entertainment,Media",,,
worshipful.monster,available,80,1%,10,"Education,Healthcare,Religion",,,
nine.monster,available,80,24%,4,"General,Mathematics",,,
some.monster,expired,80,32%,4,"Business,Media,Retail",19/06/2019 18:14,19/06/2025 23:59,Dreamscape Networks International Pte Ltd
superstar.monster,available,80,18%,9,Entertainment,,,
dorsal.monster,available,80,6%,6,"Medicine,Science",,,
yard.monster,available,80,25%,4,"Construction,General",,,
sequent.monster,available,80,7%,7,"Healthcare,Insurance,Transportation",,,
twenty.monster,available,80,12%,6,Mathematics,,,
capable.monster,available,80,12%,7,"Business,Education,Technology",,,
dormant.monster,available,78,4%,7,"Medicine,Science",,,
abounding.monster,available,78,2%,9,Agriculture,,,
acceptable.monster,available,78,5%,10,"Business,Hospitality,Retail",,,
abkhazian.monster,available,78,1%,9,Geography,,,
accessible.monster,available,78,21%,10,"Healthcare,Retail,Technology",,,
abkhasian.monster,available,78,1%,9,Geography,,,
recognised.monster,available,78,3%,10,"Business,Education,Technology",,,
athletic.monster,available,78,15%,8,"Health and Fitness,Sports",,,
accepted.monster,available,78,6%,8,"Business,Education,Technology",,,
low.monster,available,78,20%,3,"Business,Finance",,,
adjacent.monster,available,78,9%,8,"Construction,Real Estate,Retail",,,
recognized.monster,available,78,3%,10,"Business,Education,Technology",,,
absorptive.monster,available,78,1%,10,"Healthcare,Manufacturing,Retail",,,
acceptant.monster,available,78,1%,9,"Education,Healthcare",,,
accurate.monster,available,78,16%,8,"Engineering,Mathematics,Science",,,
adrenal.monster,available,78,4%,7,"Education,Healthcare,Science",,,
twentysix.monster,available,78,8%,10,Mathematics,,,
honestly.monster,available,78,9%,8,"Business,Law",,,
adorable.monster,available,78,8%,8,"Entertainment,Fashion,Retail",,,
adaptive.monster,available,76,28%,8,"Business,Education,Technology",,,
thousandth.monster,available,76,1%,10,Mathematics,,,
ancillary.monster,available,76,6%,9,"Healthcare,Manufacturing,Technology",,,
hundredth.monster,available,76,1%,9,Mathematics,,,
ventral.monster,available,76,3%,7,Science,,,
adaptable.monster,available,76,9%,9,"Business,Education,Technology",,,
fourteenth.monster,available,76,2%,10,Mathematics,,,
adherent.monster,available,76,4%,8,"Politics,Religion",,,
thirteenth.monster,available,76,3%,10,Mathematics,,,
fifteenth.monster,available,76,2%,9,Mathematics,,,
energizing.monster,available,76,3%,10,"Food and Beverage,Health and Fitness,Travel",,,
abrasive.monster,available,76,6%,8,"Construction,Manufacturing",,,
threed.monster,available,76,7%,7,Technology,,,
obscene.monster,available,76,5%,7,"Entertainment,Media",,,
nineteenth.monster,available,76,3%,10,Mathematics,,,
auxiliary.monster,available,76,7%,9,"Healthcare,Manufacturing,Technology",,,
incidental.monster,available,76,4%,10,"Healthcare,Insurance,Transportation",,,
addable.monster,available,76,2%,7,"Engineering,Mathematics,Science",,,
diamond.monster,available,76,32%,7,Fashion,,,
adhesive.monster,available,76,7%,8,"Construction,Manufacturing,Technology",,,
adipose.monster,available,76,2%,7,"Healthcare,Science",,,
acoustic.monster,available,76,14%,8,Science,,,
improvise.monster,available,76,4%,9,Entertainment,,,
resultant.monster,available,76,2%,9,"Healthcare,Insurance,Transportation",,,
eighteen.monster,available,76,7%,8,Mathematics,,,
ague.monster,available,76,2%,4,"Geography,Medicine,Science",,,
firstrate.monster,available,76,6%,10,Business,,,
skilful.monster,available,74,3%,7,"Education,Health and Fitness,Sports",,,
abnormal.monster,available,74,16%,8,"Medicine,Science",,,
acuate.monster,available,74,2%,6,"Engineering,Medicine,Science",,,
realizable.monster,available,74,1%,10,"Business,Education,Technology",,,
accepting.monster,available,74,3%,9,"Education,Healthcare",,,
adenoid.monster,available,74,1%,7,"Health and Fitness,Medicine,Science",,,
single.monster,resell,74,19%,6,Sports,18/10/2024 01:45,18/10/2025 23:59,"Spaceship, Inc."
broad.monster,available,74,13%,5,"Entertainment,General,Media",,,
achievable.monster,available,74,4%,10,"Business,Education,Technology",,,
supra.monster,resell,74,25%,5,"Medicine,Science",18/10/2024 01:46,18/10/2025 23:59,"Spaceship, Inc."
activated.monster,available,74,9%,9,"Healthcare,Manufacturing,Technology",,,
adamant.monster,available,74,14%,7,Religion,,,
aberrant.monster,available,74,6%,8,"Medicine,Science",,,
mavin.monster,available,74,7%,5,"Entertainment,Fashion,Technology",,,
manageable.monster,available,74,4%,10,"Business,Education,Technology",,,
admirable.monster,available,74,5%,9,"Business,Education,Healthcare",,,
adapted.monster,available,74,6%,7,"Healthcare,Manufacturing,Technology",,,
adrenergic.monster,available,74,1%,10,"Education,Healthcare,Science",,,
sensation.monster,available,74,7%,9,"Entertainment,Media,Sports",,,
cleared.monster,available,74,7%,7,"Healthcare,Law,Transportation",,,
aching.monster,available,72,4%,6,Healthcare,,,
lovely.monster,expired,72,26%,6,"Entertainment,Fashion,Retail",09/06/2024 02:02,09/06/2025 23:59,"Spaceship, Inc."
abreast.monster,available,72,2%,7,"Business,Technology",,,
absorbed.monster,available,72,2%,8,"Entertainment,Media,Technology",,,
seventieth.monster,available,72,1%,10,Mathematics,,,
absolutist.monster,available,72,1%,10,"Humanities,Law,Politics",,,
engrossed.monster,available,72,1%,9,"Entertainment,Media,Technology",,,
ninetieth.monster,available,72,1%,9,Mathematics,,,
liv.monster,available,72,28%,3,Mathematics,,,
ablaze.monster,available,72,6%,6,Entertainment,,,
abloom.monster,available,72,5%,6,Agriculture,,,
adaptative.monster,available,72,1%,10,"Business,Education,Technology",,,
champion.monster,available,72,28%,8,"Entertainment,Health and Fitness,Sports",,,
adjectival.monster,available,72,1%,10,Education,,,
addicted.monster,available,72,9%,8,Healthcare,,,
improvize.monster,available,72,1%,9,Entertainment,,,
ternary.monster,available,72,7%,7,Mathematics,,,
sixtieth.monster,available,72,1%,8,Mathematics,,,
eightieth.monster,available,72,1%,9,Mathematics,,,
accustomed.monster,available,72,1%,10,"Business,Education,Humanities",,,
adjunctive.monster,available,72,1%,10,"Healthcare,Manufacturing,Technology",,,
existent.monster,available,72,3%,8,"Mathematics,Science",,,
adonic.monster,available,72,2%,6,"Arts,Education,Entertainment",,,
accusative.monster,available,72,0%,10,"Humanities,Law",,,
adiabatic.monster,available,72,3%,9,"Engineering,Science",,,
trey.monster,available,72,13%,4,Sports,,,
consequent.monster,available,70,3%,10,"Business,Education,General,Technology",,,
absorbing.monster,available,70,3%,9,"Entertainment,Media,Technology",,,
unity.monster,resell,70,38%,5,Mathematics,24/11/2024 16:33,24/11/2025 23:59,"Spaceship, Inc."
abradant.monster,available,70,1%,8,"Construction,Manufacturing",,,
miserable.monster,available,70,4%,9,Humanities,,,
gymnastic.monster,available,70,3%,9,"Entertainment,Sports",,,
skillful.monster,available,70,9%,8,"Education,Health and Fitness,Sports",,,
lowdown.monster,available,70,6%,8,"Entertainment,Media",,,
recumbent.monster,available,70,2%,9,"Healthcare,Medicine,Science",,,
acuminate.monster,available,70,1%,9,"Engineering,Medicine,Science",,,
adamantine.monster,available,70,4%,10,Religion,,,
practiced.monster,available,70,3%,9,"Education,Health and Fitness,Sports",,,
adored.monster,available,70,6%,6,"Entertainment,Fashion,Retail",,,
admired.monster,available,70,5%,7,"Business,Education,Healthcare",,,
tiptop.monster,available,70,24%,6,Fashion,,,
adjusted.monster,available,70,5%,8,"Manufacturing,Retail,Technology",,,
accumbent.monster,available,70,1%,9,"Healthcare,Medicine,Science",,,
stillborn.monster,available,70,2%,9,"Medicine,Science",,,
abulic.monster,available,70,1%,6,Medicine,,,
offhand.monster,available,70,2%,7,Entertainment,,,
vindicated.monster,available,68,2%,10,"Humanities,Law,Politics",,,
fiftieth.monster,available,68,1%,8,Mathematics,,,
licensed.monster,available,68,5%,8,"Business,Healthcare,Insurance",,,
aroused.monster,available,68,3%,7,"Entertainment,Health and Fitness",,,
fortieth.monster,available,68,1%,8,Mathematics,,,
octonary.monster,available,68,1%,8,Mathematics,,,
decorated.monster,available,68,3%,9,"Entertainment,Fashion,Retail",,,
abkhas.monster,available,68,0%,6,Geography,,,
abducent.monster,available,68,0%,8,Medicine,,,
licenced.monster,available,68,2%,8,"Business,Healthcare,Insurance",,,
disciple.monster,available,68,14%,8,"Education,Religion",,,
abnaki.monster,available,68,1%,6,Geography,,,
achaian.monster,available,68,2%,7,Humanities,,,
aberdonian.monster,available,68,1%,10,Geography,,,
stygian.monster,available,68,5%,7,Humanities,,,
sevener.monster,available,68,1%,7,Mathematics,,,
achaean.monster,available,68,2%,7,Humanities,,,
accredited.monster,available,68,9%,10,"Business,Education,Healthcare",,,
thirtieth.monster,available,68,1%,9,Mathematics,,,
aculeate.monster,available,68,1%,8,"Engineering,Medicine,Science",,,
activating.monster,available,68,3%,10,"Healthcare,Manufacturing,Technology",,,
threesome.monster,available,68,5%,9,Entertainment,,,
ane.monster,available,68,12%,3,Mathematics,,,
acerate.monster,available,68,1%,7,Science,,,
overseas.monster,available,68,12%,8,"Hospitality,Travel",,,
scurvy.monster,available,68,3%,6,Humanities,,,
septenary.monster,available,68,2%,9,Mathematics,,,
ablative.monster,available,68,3%,8,Science,,,
foursome.monster,available,68,4%,8,Sports,,,
ennead.monster,available,68,5%,6,Mathematics,,,
onec.monster,available,66,6%,5,Mathematics,,,
exonerated.monster,available,66,2%,10,"Humanities,Law,Politics",,,
xvi.monster,available,66,4%,3,Mathematics,,,
buzzing.monster,available,66,7%,7,"Entertainment,Media,Technology",,,
fifty.monster,available,66,13%,5,Mathematics,,,
five.monster,expired,66,26%,4,Mathematics,20/06/2024 15:04,20/06/2025 23:59,Namecheap
clv.monster,available,66,10%,3,Mathematics,,,
acrobatic.monster,available,66,4%,9,"Entertainment,Sports",,,
xxv.monster,available,66,6%,3,Mathematics,,,
performing.monster,available,66,6%,10,Entertainment,,,
xviii.monster,available,66,4%,5,Mathematics,,,
acervate.monster,available,66,1%,8,Science,,,
adopted.monster,available,66,4%,7,"Education,Healthcare",,,
xiii.monster,available,66,9%,4,Mathematics,,,
according.monster,available,66,3%,9,"Business,Education,Technology",,,
century.monster,available,66,17%,7,Education,,,
eighty.monster,available,66,6%,6,Mathematics,,,
four.monster,available,66,27%,4,Mathematics,,,
abstinent.monster,available,66,1%,9,"Health and Fitness,Religion",,,
modish.monster,available,66,5%,6,Fashion,,,
xii.monster,available,66,10%,3,Mathematics,,,
adorned.monster,available,66,5%,7,"Entertainment,Fashion,Retail",,,
maven.monster,available,66,30%,5,"Entertainment,Fashion,Technology",,,
deuce.monster,available,66,8%,5,Sports,,,
tenner.monster,available,66,4%,6,Finance,,,
xvii.monster,available,66,5%,4,Mathematics,,,
ninety.monster,available,66,11%,6,Mathematics,,,
accessary.monster,available,66,1%,9,"Business,Law,Technology",,,
thirty.monster,available,66,7%,6,Mathematics,,,
acappella.monster,available,66,6%,10,Entertainment,,,
xxi.monster,available,66,10%,3,Mathematics,,,
xxvi.monster,available,66,3%,4,Mathematics,,,
xxii.monster,available,66,6%,4,Mathematics,,,
sextet.monster,available,66,2%,6,Entertainment,,,
teenager.monster,available,66,4%,8,"Education,Entertainment,Healthcare",,,
latest.monster,available,66,18%,6,Technology,,,
acentric.monster,available,64,2%,8,Science,,,
rising.monster,available,64,18%,6,"Construction,Manufacturing,Real Estate",,,
accordant.monster,available,64,3%,9,"Arts,Entertainment",,,
scatty.monster,available,64,1%,6,"Arts,Entertainment,Media",,,
aflame.monster,available,64,3%,6,Entertainment,,,
adagio.monster,available,64,14%,6,Entertainment,,,
nondrinker.monster,available,64,1%,10,"Health and Fitness,Religion",,,
absolved.monster,available,64,1%,8,"Humanities,Law,Religion",,,
astringent.monster,available,64,1%,10,"Healthcare,Pharmaceuticals",,,
deviant.monster,available,64,12%,7,"Medicine,Science",,,
chiliad.monster,available,62,2%,7,Mathematics,,,
troika.monster,available,62,8%,6,Politics,,,
twodozen.monster,available,62,1%,9,Mathematics,,,
activistic.monster,available,62,1%,10,"Humanities,Politics",,,
wrapped.monster,available,62,13%,7,"Fashion,Hospitality,Retail",,,
pungent.monster,available,62,1%,7,Food and Beverage,,,
activation.monster,available,62,16%,10,"Healthcare,Manufacturing,Technology",,,
exculpated.monster,available,62,1%,10,"Humanities,Law,Politics",,,
ensuant.monster,available,62,1%,7,"Healthcare,Insurance,Transportation",,,
quartet.monster,available,62,7%,7,"Arts,Entertainment",,,
playacting.monster,available,62,1%,10,Entertainment,,,
sixteenth.monster,available,62,1%,9,Mathematics,,,
accrued.monster,available,62,2%,7,"Banking,Finance,Insurance",,,
acidic.monster,available,62,5%,6,"Food and Beverage,Science",,,
cumulative.monster,available,62,2%,10,"Banking,Finance,Insurance",,,
eighteenth.monster,available,62,1%,10,Mathematics,,,
abo.monster,resell,62,15%,3,Science,18/10/2024 01:04,18/10/2025 23:59,"Spaceship, Inc."
admissible.monster,available,62,1%,10,"Education,Healthcare,Law",,,
fortyfour.monster,available,62,6%,10,Mathematics,,,
adjuvant.monster,available,62,5%,8,"Healthcare,Manufacturing,Technology",,,
eleventh.monster,available,62,5%,8,Mathematics,,,
aborigine.monster,available,62,1%,9,Humanities,,,
roughly.monster,available,62,3%,7,"Business,Media,Technology",,,
longdozen.monster,available,62,1%,10,Mathematics,,,
aufait.monster,available,62,3%,7,"Fashion,Media",,,
orso.monster,available,62,9%,5,"Business,Media,Technology",,,
nail.monster,available,62,16%,4,"Construction,Fashion,General,Retail",,,
adoptive.monster,available,62,1%,8,"Education,Healthcare",,,
accusing.monster,available,62,1%,8,Law,,,
idolized.monster,available,60,3%,8,"Entertainment,Fashion,Retail",,,
cxv.monster,available,60,4%,3,Mathematics,,,
cxlv.monster,available,60,2%,4,Mathematics,,,
clx.monster,available,60,8%,3,Mathematics,,,
annexal.monster,available,60,1%,7,"Agriculture,Manufacturing,Retail",,,
clxxx.monster,available,60,1%,5,Mathematics,,,
eightysix.monster,available,60,7%,10,Mathematics,,,
cxl.monster,available,60,7%,3,Mathematics,,,
acceptive.monster,available,60,1%,9,"Education,Healthcare",,,
paunchy.monster,available,60,0%,7,"Health and Fitness,Medicine",,,
clxx.monster,available,60,2%,4,Mathematics,,,
clxxv.monster,available,60,1%,5,Mathematics,,,
cxxv.monster,available,60,1%,4,Mathematics,,,
cxxx.monster,available,60,3%,4,Mathematics,,,
cxx.monster,available,60,9%,3,Mathematics,,,
adnexal.monster,available,60,1%,7,"Agriculture,Manufacturing,Retail",,,
aboveboard.monster,available,60,5%,10,"Business,Law",,,
thou.monster,available,60,7%,4,Mathematics,,,
cautionary.monster,available,60,1%,10,"Business,Education,Healthcare",,,
abashed.monster,available,60,1%,7,Humanities,,,
sixty.monster,available,60,13%,5,Mathematics,,,
clxv.monster,available,60,1%,4,Mathematics,,,
adnate.monster,available,60,1%,6,"Agriculture,Manufacturing,Retail",,,
abstainer.monster,available,60,0%,9,"Health and Fitness,Religion",,,
abstemious.monster,available,60,0%,10,"Food and Beverage,Health and Fitness,Hospitality",,,
tertiary.monster,available,60,4%,8,Education,,,
idolised.monster,available,60,1%,8,"Entertainment,Fashion,Retail",,,
cxxxv.monster,available,60,1%,5,Mathematics,,,
tercet.monster,available,59,2%,6,"Arts,Entertainment,Media",,,
acetic.monster,available,58,1%,6,"Food and Beverage,Science",,,
closeto.monster,available,58,3%,8,"Business,Media,Technology",,,
addible.monster,available,58,2%,7,"Engineering,Mathematics,Science",,,
fifth.monster,available,58,12%,5,Mathematics,,,
abridged.monster,available,58,4%,8,Media,,,
abuzz.monster,available,58,5%,5,"Entertainment,Media,Technology",,,
heptad.monster,available,58,2%,6,Mathematics,,,
cypher.monster,resell,58,28%,6,Mathematics,12/09/2023 09:00,12/09/2028 23:59,"Go Daddy, LLC"
addressed.monster,available,58,3%,9,"Business,Technology,Telecommunications",,,
aucourant.monster,available,58,3%,10,"Fashion,Media",,,
offhanded.monster,available,58,1%,9,Entertainment,,,
lxxviii.monster,available,58,1%,7,Mathematics,,,
abandoned.monster,available,58,10%,9,"Construction,Real Estate",,,
fourscore.monster,available,58,4%,9,Mathematics,,,
abused.monster,available,58,5%,6,"Healthcare,Law",,,
sextuplet.monster,available,58,1%,9,Healthcare,,,
super.monster,resell,58,47%,5,Business,26/09/2020 04:19,26/09/2025 23:59,"Porkbun, LLC"
octad.monster,available,58,5%,5,Mathematics,,,
enwrapped.monster,available,58,0%,9,"Entertainment,Fashion,Media",,,
quintet.monster,available,58,8%,7,"Arts,Entertainment",,,
accoutred.monster,available,58,1%,9,"Fashion,Manufacturing,Retail",,,
lxxx.monster,available,58,2%,4,Mathematics,,,
acyclic.monster,available,58,4%,7,"Engineering,Mathematics,Science",,,
niner.monster,available,58,5%,5,Mathematics,,,
eighter.monster,available,58,2%,7,Mathematics,,,
accented.monster,available,58,3%,8,"Arts,Entertainment",,,
fourth.monster,available,58,13%,6,Mathematics,,,
tetrad.monster,available,58,5%,6,Mathematics,,,
accretive.monster,available,58,6%,9,"Banking,Finance,Insurance",,,
ache.monster,available,58,7%,4,Healthcare,,,
adhoc.monster,available,58,24%,6,"Business,Engineering,Technology",,,
sixtyone.monster,available,58,5%,9,Mathematics,,,
pentad.monster,available,58,3%,6,Mathematics,,,
twelfth.monster,available,58,2%,7,Mathematics,,,
centesimal.monster,available,58,1%,10,Mathematics,,,
justabout.monster,available,58,3%,10,"Business,Media,Technology",,,
adjustive.monster,available,58,1%,9,"Manufacturing,Retail,Technology",,,
sixer.monster,available,58,5%,5,Sports,,,
alacarte.monster,available,58,11%,10,Food and Beverage,,,
adient.monster,available,58,4%,6,"Medicine,Science",,,
seventy.monster,available,58,7%,7,Mathematics,,,
hexad.monster,available,58,5%,5,Mathematics,,,
linear.monster,available,58,22%,6,"Engineering,Mathematics,Science",,,
actuarial.monster,available,58,8%,9,"Finance,Insurance,Mathematics",,,
addled.monster,available,56,2%,6,Entertainment,,,
appressed.monster,available,56,0%,9,"Agriculture,Manufacturing,Retail",,,
admissive.monster,available,56,1%,9,"Education,Healthcare,Hospitality",,,
fiftyfour.monster,available,56,4%,10,Mathematics,,,
lvii.monster,available,56,2%,4,Mathematics,,,
xxix.monster,available,56,4%,4,Mathematics,,,
fiftytwo.monster,available,56,6%,9,Mathematics,,,
triad.monster,available,56,15%,5,Arts,,,
xliii.monster,available,56,1%,5,Mathematics,,,
xlvii.monster,available,56,2%,5,Mathematics,,,
fortynine.monster,available,56,3%,10,Mathematics,,,
xxxi.monster,available,56,8%,4,Mathematics,,,
xxxiii.monster,available,56,2%,6,Mathematics,,,
potbellied.monster,available,56,0%,10,"Health and Fitness,Medicine",,,
xli.monster,available,56,5%,3,Mathematics,,,
lii.monster,available,56,7%,3,Mathematics,,,
thirtytwo.monster,available,56,4%,10,Mathematics,,,
xxiv.monster,available,56,5%,4,Mathematics,,,
fortysix.monster,available,56,4%,9,Mathematics,,,
fiftyfive.monster,available,56,8%,10,Mathematics,,,
xxxviii.monster,available,56,1%,7,Mathematics,,,
xlvi.monster,available,56,3%,4,Mathematics,,,
xliv.monster,available,56,3%,4,Mathematics,,,
xlviii.monster,available,56,1%,6,Mathematics,,,
halfdozen.monster,available,56,1%,10,Mathematics,,,
xxxii.monster,available,56,1%,5,Mathematics,,,
xxxiv.monster,available,56,1%,5,Mathematics,,,
thirtyone.monster,available,56,4%,10,Mathematics,,,
fiftyone.monster,available,56,8%,9,Mathematics,,,
lvi.monster,available,56,8%,3,Mathematics,,,
xxviii.monster,available,56,1%,6,Mathematics,,,
fiftysix.monster,available,56,4%,9,Mathematics,,,
xlii.monster,available,56,5%,4,Mathematics,,,
lviii.monster,available,56,1%,5,Mathematics,,,
abdominous.monster,available,56,0%,10,"Health and Fitness,Medicine",,,
maledict.monster,available,56,1%,8,Religion,,,
thirtysix.monster,available,56,5%,10,Mathematics,,,
xxxvi.monster,available,56,1%,5,Mathematics,,,
abeyant.monster,available,56,1%,7,"Business,Law",,,
xlv.monster,available,56,6%,3,Mathematics,,,
fortytwo.monster,available,56,17%,9,Mathematics,,,
ilx.monster,available,56,6%,3,Mathematics,,,
accoutered.monster,available,56,0%,10,"Fashion,Manufacturing,Retail",,,
admittable.monster,available,56,1%,10,"Education,Healthcare,Hospitality",,,
xxxvii.monster,available,56,2%,6,Mathematics,,,
xxvii.monster,available,56,3%,5,Mathematics,,,
terzetto.monster,available,56,3%,8,Arts,,,
xxiii.monster,available,56,4%,5,Mathematics,,,
liii.monster,available,56,4%,4,Mathematics,,,
fiftynine.monster,available,56,4%,10,Mathematics,,,
admittible.monster,available,56,1%,10,"Education,Healthcare,Hospitality",,,
xxxv.monster,available,56,4%,4,Mathematics,,,
aone.monster,available,56,15%,5,Food and Beverage,,,
fortyone.monster,available,56,5%,9,Mathematics,,,
adaxial.monster,available,54,2%,7,Science,,,
quaternity.monster,available,54,4%,10,Mathematics,,,
twoscore.monster,available,54,2%,8,Mathematics,,,
accentual.monster,available,54,3%,9,"Arts,Entertainment",,,
abaxial.monster,available,54,1%,7,Science,,,
quintuplet.monster,available,54,1%,10,"Healthcare,Medicine,Science",,,
abducens.monster,available,54,1%,8,Medicine,,,
quatern.monster,available,54,2%,7,Mathematics,,,
aboral.monster,available,54,2%,6,Science,,,
abhorrent.monster,available,54,1%,9,Humanities,,,
deserted.monster,available,54,3%,8,"Hospitality,Real Estate",,,
viii.monster,available,54,6%,4,Mathematics,,,
actuated.monster,available,54,2%,8,"Automotive,Manufacturing,Technology",,,
achy.monster,available,54,3%,4,Healthcare,,,
adjuratory.monster,available,54,0%,10,"Law,Politics,Religion",,,
sise.monster,available,54,5%,4,Mathematics,,,
fortyfive.monster,available,54,5%,10,Mathematics,,,
threescore.monster,available,54,2%,10,Mathematics,,,
achromatic.monster,available,54,4%,10,Science,,,
unnatural.monster,available,54,4%,9,"Medicine,Science",,,
abient.monster,available,54,1%,6,Science,,,
topnotch.monster,expired,54,18%,8,Business,07/06/2024 21:54,07/06/2025 23:59,Web Commerce Communications Ltd
accursed.monster,available,54,3%,8,"Entertainment,Media,Religion",,,
quadruplet.monster,available,54,1%,10,"Healthcare,Medicine,Science",,,
adpressed.monster,available,54,0%,9,"Agriculture,Manufacturing,Retail",,,
quaternion.monster,available,54,6%,10,Mathematics,,,
ternion.monster,available,54,3%,7,Mathematics,,,
admonitory.monster,available,54,0%,10,"Business,Education,Healthcare",,,
iii.monster,available,54,24%,3,Mathematics,,,
adductive.monster,available,54,0%,9,"Engineering,Mathematics,Science",,,
abatable.monster,available,54,1%,8,Law,,,
monitory.monster,available,54,3%,8,"Business,Education,Healthcare",,,
adducent.monster,available,54,1%,8,"Engineering,Mathematics,Science",,,
deuceace.monster,available,54,1%,9,Sports,,,
acoustical.monster,available,54,4%,10,Science,,,
abasic.monster,available,54,1%,6,Science,,,
adducting.monster,available,54,1%,9,"Engineering,Mathematics,Science",,,
scratchy.monster,available,54,3%,8,Fashion,,,
vii.monster,available,54,13%,3,Mathematics,,,
abatic.monster,available,54,1%,6,Science,,,
fin.monster,resell,54,30%,3,Finance,21/01/2022 17:15,21/01/2026 23:59,"Xiamen ChinaSource Internet Service Co., Ltd"
sestet.monster,available,53,1%,6,Arts,,,
septet.monster,available,53,1%,6,General,,,
lxxxi.monster,available,52,1%,5,Mathematics,,,
lxxvi.monster,available,52,1%,5,Mathematics,,,
lxxxii.monster,available,52,1%,6,Mathematics,,,
lxxiii.monster,available,52,2%,6,Mathematics,,,
lxxv.monster,available,52,2%,4,Mathematics,,,
lxxxv.monster,available,52,1%,5,Mathematics,,,
littlejoe.monster,available,52,2%,10,"Entertainment,Media",,,
xci.monster,available,52,4%,3,Mathematics,,,
ninetytwo.monster,available,52,4%,10,Mathematics,,,
lxxxvi.monster,available,52,1%,6,Mathematics,,,
sixtyfour.monster,available,52,4%,10,Mathematics,,,
lxxxiii.monster,available,52,1%,7,Mathematics,,,
xciv.monster,available,52,2%,4,Mathematics,,,
lxvi.monster,available,52,3%,4,Mathematics,,,
sixtytwo.monster,available,52,3%,9,Mathematics,,,
lxxiv.monster,available,52,1%,5,Mathematics,,,
ninetysix.monster,available,52,4%,10,Mathematics,,,
lxiv.monster,available,52,3%,4,Mathematics,,,
ixc.monster,available,52,5%,3,Mathematics,,,
lxi.monster,available,52,5%,3,Mathematics,,,
xcviii.monster,available,52,1%,6,Mathematics,,,
ablated.monster,available,52,1%,7,Science,,,
lxii.monster,available,52,2%,4,Mathematics,,,
eightytwo.monster,available,52,4%,10,Mathematics,,,
sixtyfive.monster,available,52,3%,10,Mathematics,,,
lxxii.monster,available,52,1%,5,Mathematics,,,
lxvii.monster,available,52,1%,5,Mathematics,,,
eightyone.monster,available,52,3%,10,Mathematics,,,
abstruse.monster,available,52,5%,8,"Humanities,Mathematics,Science",,,
ninetyone.monster,available,52,5%,10,Mathematics,,,
xcvii.monster,available,52,1%,5,Mathematics,,,
aboulic.monster,available,52,1%,7,Medicine,,,
xcvi.monster,available,52,2%,4,Mathematics,,,
detestable.monster,available,52,1%,10,Humanities,,,
sixtysix.monster,available,52,5%,9,Mathematics,,,
decumbent.monster,available,52,1%,9,"Healthcare,Medicine,Science",,,
ixl.monster,available,52,9%,3,Mathematics,,,
lxxxiv.monster,available,52,1%,6,Mathematics,,,
lxv.monster,available,52,5%,3,Mathematics,,,
lxxvii.monster,available,52,2%,6,Mathematics,,,
uphill.monster,available,52,7%,6,"Sports,Transportation,Travel",,,
tierce.monster,available,52,3%,6,General,,,
repulsive.monster,available,52,1%,9,Humanities,,,
xciii.monster,available,52,1%,5,Mathematics,,,
lxviii.monster,available,52,2%,6,Mathematics,,,
abominable.monster,available,52,2%,10,"Entertainment,Humanities",,,
repugnant.monster,available,52,1%,9,Humanities,,,
odious.monster,available,52,2%,6,"Entertainment,Humanities",,,
adenoidal.monster,available,52,1%,9,"Health and Fitness,Medicine,Science",,,
lxxxvii.monster,available,52,1%,7,Mathematics,,,
xcii.monster,available,52,2%,4,Mathematics,,,
lxxi.monster,available,52,2%,4,Mathematics,,,
chagrined.monster,available,52,1%,9,Humanities,,,
abysmal.monster,available,52,4%,7,"Arts,Entertainment,Media",,,
xcv.monster,available,52,7%,3,Mathematics,,,
lxiii.monster,available,52,2%,5,Mathematics,,,
broached.monster,available,50,0%,8,Food and Beverage,,,
abdicable.monster,available,50,0%,9,Law,,,
acaudal.monster,available,50,1%,7,"Agriculture,Science",,,
acquitted.monster,available,50,1%,9,Law,,,
abducting.monster,available,50,0%,9,Medicine,,,
triplet.monster,available,50,8%,7,Science,,,
lxx.monster,available,50,5%,3,Mathematics,,,
adhominem.monster,available,50,2%,10,"Humanities,Law,Politics",,,
acerose.monster,available,50,1%,7,Science,,,
acerb.monster,available,50,2%,5,Science,,,
trine.monster,available,50,11%,5,"General,Religion",,,
acetous.monster,available,50,1%,7,Science,,,
needlelike.monster,available,50,0%,10,"Engineering,Medicine,Science",,,
abomasal.monster,available,50,0%,8,Agriculture,,,
abactinal.monster,available,50,0%,9,Science,,,
acerbic.monster,available,50,2%,7,"Arts,Humanities,Media",,,
acetose.monster,available,50,1%,7,Science,,,
ogdoad.monster,available,50,1%,6,Mathematics,,,
gillless.monster,available,50,0%,9,Science,,,
abbatial.monster,available,50,0%,8,Religion,,,
spinous.monster,available,50,1%,7,"Agriculture,Science",,,
aculeated.monster,available,50,0%,9,"Engineering,Medicine,Science",,,
acellular.monster,available,50,1%,9,Science,,,
cinque.monster,available,50,7%,6,Mathematics,,,
quint.monster,available,50,13%,5,"Arts,Entertainment",,,
scummy.monster,available,50,1%,6,Humanities,,,
adactylous.monster,available,50,0%,10,Science,,,
aborticide.monster,available,50,0%,10,Medicine,,,
abranchial.monster,available,50,0%,10,Science,,,
vinegary.monster,available,50,1%,8,Food and Beverage,,,
acapnotic.monster,available,50,0%,9,"Healthcare,Medicine,Science",,,
acapnic.monster,available,50,0%,7,"Healthcare,Medicine,Science",,,
ilxxx.monster,available,48,1%,5,Mathematics,,,
lxxxviii.monster,available,48,1%,8,Mathematics,,,
notguilty.monster,available,48,5%,10,Law,,,
execrable.monster,available,48,0%,9,"Entertainment,Humanities",,,
apriori.monster,available,48,13%,8,Mathematics,,,
abstracted.monster,available,48,5%,10,"Arts,Humanities,Science",,,
ilxx.monster,available,48,1%,4,Mathematics,,,
achromic.monster,available,46,2%,8,Science,,,
acetylenic.monster,available,46,1%,10,Science,,,
acetonic.monster,available,46,1%,8,Science,,,
vinegarish.monster,available,46,1%,10,Food and Beverage,,,
acanthotic.monster,available,46,0%,10,"Agriculture,Science",,,
achenial.monster,available,46,1%,8,Science,,,
acarpous.monster,available,46,0%,8,"Agriculture,Science",,,
stripling.monster,available,46,2%,9,"Education,Entertainment,Healthcare",,,
acetylic.monster,available,46,1%,8,Science,,,
acephalous.monster,available,46,1%,10,Science,,,
theabsurd.monster,available,46,1%,10,"Arts,Entertainment,Media",,,
acanthoid.monster,available,46,1%,9,"Agriculture,Science",,,
acicular.monster,available,46,2%,8,Science,,,
acapnial.monster,available,46,0%,8,"Healthcare,Medicine,Science",,,
achromous.monster,available,46,1%,9,Science,,,
stemless.monster,available,46,2%,8,"Agriculture,Science",,,
quaternary.monster,available,46,3%,10,Mathematics,,,
acarpelous.monster,available,46,0%,10,"Agriculture,Science",,,
acetabular.monster,available,46,1%,10,Science,,,
acanthous.monster,available,46,0%,9,"Agriculture,Science",,,
acaudate.monster,available,46,1%,8,"Agriculture,Science",,,
cotyloid.monster,available,46,1%,8,Science,,,
acheronian.monster,available,46,1%,10,Humanities,,,
cotyloidal.monster,available,44,1%,10,Science,,,
accusatory.monster,available,44,1%,10,Law,,,
acherontic.monster,available,44,1%,10,Humanities,,,
abscessed.monster,available,41,0%,9,Healthcare,,,
accurst.monster,available,40,1%,7,Religion,,,
scurrilous.monster,available,40,1%,10,"Entertainment,Media,Politics",,,
accusive.monster,available,40,1%,8,Law,,,